t,Position q,Velocity,Potential V
0.0,0.0,1.0,0.0
0.01001001001001001,0.009999827993746694,0.9979494674269265,4.9998279952260014e-05
0.02002002002002002,0.019978645353421674,0.9958021430121826,0.0001995731350788987
0.03003003003003003,0.02993548523970123,0.9935584374343465,0.00044806663826818505
0.04004004004004004,0.03986938496886693,0.9912187702947959,0.0007947839288978562
0.050050050050050046,0.049779386101821956,0.9887835700574403,0.0012389936403371324
0.06006006006006006,0.05966453453250026,0.9862532739876785,0.001779928340489958
0.07007007007007007,0.06952388057566082,0.9836283280905879,0.002416784985149374
0.08008008008008008,0.07935647905405932,0.9809091870483535,0.0031487253839286777
0.09009009009009009,0.08916138938498998,0.9780963141569466,0.003974876678530902
0.10010010010010009,0.09893767566618934,0.9751901812620558,0.004894331833114037
0.11011011011011011,0.10868440676109545,0.9721912686942857,0.005906150136505625
0.12012012012012012,0.11840065638345455,0.969100065203625,0.007009357716016439
0.13013013013013014,0.12808550318126818,0.9659170678931942,0.008202948062599332
0.14014014014014015,0.13773803082007363,0.9626427821522832,0.009485882567095778
0.15015015015015015,0.14735732806555027,0.9592777215886837,0.010857091067309104
0.16016016016016016,0.15694248886544557,0.955822407960326,0.012315472405640253
0.17017017017017017,0.16649261243081273,0.952277371106229,0.013859894997018408
0.18018018018018017,0.17600680331655436,0.9486431488767718,0.015489197406856125
0.19019019019019018,0.18548417150126412,0.9449202870632932,0.01720218893875518
0.20020020020020018,0.1949238324663609,0.941109339327031,0.01899765023168697
0.21021021021021022,0.20432490727450836,0.9372108671274062,0.02087433386636822
0.22022022022022023,0.21368652264731267,0.9332254396496638,0.022830964980550233
0.23023023023023023,0.22300781104229378,0.9291536337318756,0.024866241892937704
0.24024024024024024,0.23228791072912217,0.924996033791317,0.026978836735450314
0.2502502502502503,0.2415259658651156,0.9207532317502227,0.02916739609353849
0.2602602602602603,0.2507211265699897,0.9164258269609349,0.031430541654262394
0.2702702702702703,0.2598725489998563,0.9120144261304463,0.03376687086184135
0.2802802802802803,0.2689793954204635,0.9075196432443549,0.03617495758037903
0.2902902902902903,0.2780408342796714,0.9029420994902307,0.03865335276346785
0.3003003003003003,0.2870560402791581,0.8982824231804118,0.04120058513037482
0.3103103103103103,0.2960241944453499,0.8935412496742297,0.04381516184850916
0.3203203203203203,0.30494448419956977,0.8887192212996826,0.04649556922187083
0.3303303303303303,0.31381610342740024,0.883816987274557,0.04924027338517838
0.34034034034034033,0.32263825254725265,0.8788352036270135,0.05204772100337239
0.35035035035035034,0.3314101385781396,0.8737745331156405,0.05491633997619085
0.36036036036036034,0.340130975206644,0.8686356451489878,0.05784454014751133
0.37037037037037035,0.34879998285308095,0.8634192157045912,0.06083071401915478
0.38038038038038036,0.3574163887368453,0.858125927247491,0.06387323746884385
0.39039039039039036,0.3659794269409423,0.8527564686482615,0.06697047047201027
0.40040040040040037,0.3744883384756944,0.8473115351005529,0.07012075782714312
0.41041041041041043,0.382942371341621,0.8417918280381631,0.07332242988437199
0.42042042042042044,0.39134078059148497,0.8361980550516408,0.0765738032769764
0.43043043043043044,0.3996828283915027,0.8305309298044348,0.0798731816555157
0.44044044044044045,0.4079677840817124,0.8247911719485967,0.08321885642427136
0.45045045045045046,0.4161949242354964,0.8189795070400473,0.0866091074796953
0.46046046046046046,0.4243635327182526,0.8130966664534144,0.09004220395055773
0.47047047047047047,0.4324729007452125,0.8071433872964529,0.0935164049394892
0.4804804804804805,0.44052232693839916,0.8011204123240576,0.09702996026561092
0.4904904904904905,0.44851111738272365,0.7950284898518761,0.10058111120794966
0.5005005005005005,0.4564385856812138,0.7888683736695319,0.10416809124933338
0.5105105105105106,0.4643040530093731,0.7826408229534685,0.10778912682046538
0.5205205205205206,0.472106848168665,0.7763466021794232,0.11144243804387545
0.5305305305305306,0.47984630763911923,0.7699864810345394,0.11512623947744813
0.5405405405405406,0.48752177563105703,0.7635612343291277,0.11883874085722936
0.5505505505505506,0.4951326041359303,0.7570716419080878,0.12257814783921393
0.5605605605605606,0.5026781529762742,0.7505184885619953,0.12634266273981926
0.5705705705705706,0.5101577898547659,0.7439025639378682,0.13013048527474974
0.5805805805805806,0.5175708904023909,0.7372246624496209,0.13393981329596186
0.5905905905905906,0.5249168382257092,0.7304855831882145,0.1377688435264377
0.6006006006006006,0.5321950249532221,0.7236861298315153,0.14161577229248037
0.6106106106106106,0.5394048502808352,0.7168271105538677,0.1454787962532451
0.6206206206206206,0.5465457220164138,0.7099093379353957,0.14935611312722155
0.6306306306306306,0.55361705612343,0.702933628871039,0.15324592241538654
0.6406406406406406,0.5606182767636982,0.695900804479335,0.15714642612074928
0.6506506506506506,0.5675488163391946,0.6888116900109564,0.16105582946401042
0.6606606606606606,0.5744081155329627,0.6816671147570141,0.1649723415950647
0.6706706706706707,0.5811956233490966,0.6744679119571347,0.16889417630007247
0.6806806806806807,0.5879107971518063,0.6672149187073222,0.17281955270383614
0.6906906906906907,0.5945531027035567,0.6599089758676158,0.17674669596721299
0.7007007007007007,0.6011220142022835,0.6525509279695497,0.18067383797930517
0.7107107107107107,0.6076170143176808,0.6451416231234287,0.18459921804416635
0.7207207207207207,0.6140375942265597,0.6376819129254253,0.18852108356177058
0.7307307307307307,0.620383253647276,0.6301726523645127,0.1924376907029902
0.7407407407407407,0.6266535008732258,0.6226146997292386,0.196347305078335
0.7507507507507507,0.6328478528054077,0.6150089165143537,0.20024820240020746
0.7607607607607607,0.6389658349840478,0.6073561673273018,0.2041386691384307
0.7707707707707707,0.6450069816192903,0.5996573197945816,0.20801700316881372
0.7807807807807807,0.6509708356209488,0.5919132444679925,0.2118815144145182
0.7907907907907907,0.6568569486273185,0.5841248147307707,0.21573052547999585
0.8008008008008007,0.6626648810330495,0.5762929067036265,0.21956237227727285
0.8108108108108109,0.6683942020160774,0.568418399150694,0.2233754046443544
0.8208208208208209,0.6740444895636134,0.5605021733854011,0.22716798695553606
0.8308308308308309,0.6796153304971914,0.5525451131762691,0.23093849872340333
0.8408408408408409,0.6851063204967718,0.5445481046526546,0.2346853351923127
0.8508508508508509,0.6905170641239012,0.5365120362104384,0.23840690792314598
0.8608608608608609,0.6958471748439282,0.528437798417677,0.2421016453691382
0.8708708708708709,0.7010962750472753,0.5203262839202207,0.24576799344258238
0.8808808808808809,0.706263996069764,0.5121783873473115,0.2494044160722158
0.8908908908908909,0.7113499782119962,0.503995005217169,0.2530093957511037
0.9009009009009009,0.7163538707577914,0.49577703584257454,0.2565814340748353
0.9109109109109109,0.7212753319916773,0.48752537923646244,0.2601190522698521
0.9209209209209209,0.7261140292154343,0.47924093701752835,0.2636207917117363
0.9309309309309309,0.7308696387636998,0.47092461231586286,0.26708521443329053
0.9409409409409409,0.7355418460186226,0.4625773096786234,0.27051090362224156
0.950950950950951,0.7401303454235769,0.4541999349757497,0.2738964641084116
0.960960960960961,0.7446348404959316,0.4457933953057341,0.2772405228402008
0.970970970970971,0.7490550438388771,0.4373585989014572,0.28054172935023103
0.980980980980981,0.7533906771523085,0.42889645503609636,0.28379875621000694
0.990990990990991,0.7576414712427695,0.4204078739291175,0.28701029947345413
1.001001001001001,0.7618071660324541,0.4118937666523586,0.29017507910919954
1.011011011011011,0.7658875105672694,0.4033550450362166,0.29329183942146464
1.021021021021021,0.7698822630239595,0.3947926215759424,0.29635934945944653
1.031031031031031,0.7737911907162921,0.3862074093380591,0.29937640341506855
1.0410410410410411,0.77761407010031,0.3776003218669073,0.30234182100898493
1.0510510510510511,0.7813506867786455,0.3689722730913305,0.3052544478647305
1.0610610610610611,0.7850008355039041,0.36032417723150767,0.30811315587091376
1.0710710710710711,0.788564320181114,0.3516569487059421,0.31091684353135124
1.0810810810810811,0.7920409538692476,0.34297150203861787,0.31366443630305374
1.0910910910910911,0.7954305587818126,0.33426875176632914,0.3163548869219733
1.1011011011011012,0.7987329662865177,0.32554961234619584,0.3189871757164297
1.1111111111111112,0.8019480169040125,0.3168149980633703,0.3215603109081392
1.1211211211211212,0.8050755603057052,0.308065822938947,0.32407332890077256
1.1311311311311312,0.8081154553106596,0.2993030006380834,0.3265252945559774
1.1411411411411412,0.811067569881573,0.29052744437833955,0.32891530145680015
1.1511511511511512,0.8139317811198379,0.2817400668382468,0.33124247215845587
1.1611611611611612,0.8167079752596894,0.27294178006611447,0.33350595842639075
1.1711711711711712,0.8193960476614423,0.26413349538908104,0.3357049414615963
1.1811811811811812,0.8219959028038166,0.25531612332242193,0.33783863211313075
1.1911911911911912,0.8245074542753594,0.24649057347911973,0.33990627107781696
1.2012012012012012,0.8269306247649602,0.23765775447970647,0.34190712908708365
1.2112112112112112,0.8292653460514668,0.2288185738623871,0.3438405070809295
1.2212212212212212,0.8315115589924033,0.2199739379934516,0.34570573636898844
1.2312312312312312,0.8336692135117911,0.2111247519779852,0.34750217877868417
1.2412412412412412,0.8357382685870789,0.2022719195708843,0.3492292267904642
1.2512512512512513,0.8377186922351832,0.193416343088187,0.3508863036601128
1.2612612612612613,0.8396104614976434,0.1845589233187267,0.3524728635281429
1.2712712712712713,0.841413562424893,0.1757005594361163,0.3539883915162746
1.2812812812812813,0.8431279900596519,0.16684214891107216,0.3554324038110142
1.2912912912912913,0.8447537484194444,0.15798458742408544,0.356804447734351
1.3013013013013013,0.8462908504782415,0.14912876877844883,0.35810410180159263
1.3113113113113113,0.8477393181472384,0.1402755848136476,0.3593309757663723
1.3213213213213213,0.8490991822547626,0.13142592531912173,0.36048471065285326
1.3313313313313313,0.850370482525325,0.12258067794840814,0.361564978775177
1.3413413413413413,0.85155326755781,0.11374072813367071,0.36257148374419157
1.3513513513513513,0.8526475948028139,0.10490695900062556,0.3635039604615118
1.3613613613613613,0.8536535305391332,0.09608025128386963,0.3643621751009634
1.3713713713713713,0.8545711498494073,0.0872614832426206,0.36514592507746907
1.3813813813813813,0.8554005365949201,0.07845153057687536,0.36585503900343863
1.3913913913913913,0.8561417833895639,0.06965126634399507,0.3664893766327315
1.4014014014014013,0.856794991572972,0.060861560875724155,0.3670488287922646
1.4114114114114114,0.8573602711828202,0.0520832816956507,0.3675333173013395
1.4214214214214214,0.8578377409263072,0.04331729343711596,0.367942794878775
1.4314314314314314,0.8582275281508132,0.03456445776158042,0.3682772450379274
1.4414414414414414,0.8585297688137457,0.02582563327745309,0.3685366819696918
1.4514514514514514,0.8587446074515735,0.017101675459392326,0.36872115041357856
1.4614614614614614,0.8588721971480564,0.008393436568084722,0.36883072551696494
1.4714714714714714,0.8589126995016725,-0.00029823442949093726,0.3688655126826252
1.4814814814814814,0.8588662845922534,-0.008972491939306826,0.36882564740465085
1.4914914914914914,0.8587331309468241,-0.01762849381902999,0.3687112950928677
1.5015015015015014,0.858513425504661,-0.026265401456259635,0.3685226508858736
1.5115115115115114,0.8582073635815672,-0.03488237984625129,0.36825993945281216
1.5215215215215214,0.8578151488333732,-0.04347859766912055,0.3679234147840111
1.5315315315315314,0.8573369932186665,-0.052053227366520044,0.3675133599706119
1.5415415415415414,0.8567731169607588,-0.06060544521778266,0.367030086973327
1.5515515515515514,0.8561237485088893,-0.0691344314155245,0.36647393638045594
1.5615615615615615,0.8553891244986794,-0.0776393701407011,0.3658452771553086
1.5715715715715715,0.8545694897118339,-0.08611944963711013,0.3651445063731721
1.5815815815815815,0.8536650970351021,-0.09457386228533451,0.3643720489479751
1.5915915915915915,0.8526762074185011,-0.10300180467611932,0.3635283573487994
1.6016016016016015,0.8516030898328071,-0.11140247768317631,0.36261391130639203
1.6116116116116117,0.8504460212263201,-0.11977508653541004,0.36162921750983923
1.6216216216216217,0.8492052864809103,-0.1281188408885582,0.3605748092935625
1.6316316316316317,0.8478811783673491,-0.13643295489624319,0.35945124631480224
1.6416416416416417,0.8464739974999316,-0.1447166472804246,0.3582591142217571
1.6516516516516517,0.8449840522903979,-0.15296914140125034,0.3569990243125509
1.6616616616616617,0.8434116589011577,-0.16118966532629864,0.35567161318520135
1.6716716716716717,0.8417571411978247,-0.16937745189920572,0.35427754237876735
1.6816816816816818,0.8400208307010674,-0.17753173880767323,0.35281749800585566
1.6916916916916918,0.838203066537782,-0.18565176865085037,0.3512921903766707
1.7017017017017018,0.8363041953915945,-0.193736789006084,0.34970235361479113
1.7117117117117118,0.8343245714526972,-0.20178605249503262,0.34804874526486346
1.7217217217217218,0.832264556367027,-0.20979881684913787,0.34633214589240213
1.7317317317317318,0.8301245191847915,-0.21777434497444825,0.3445533586758906
1.7417417417417418,0.8279048363083485,-0.22571190501579036,0.3427132089913767
1.7517517517517518,0.8256058914394492,-0.23361077042028222,0.3408125439897638
1.7617617617617618,0.8232280755258453,-0.2414702200001832,0.33885223216699345
1.7717717717717718,0.8207717867072734,-0.24928953799507597,0.3368331629273249
1.7817817817817818,0.8182374302608174,-0.25706801413337543,0.334756246139913
1.7917917917917918,0.8156254185456625,-0.2648049436931596,0.33262241168889356
1.8018018018018018,0.8129361709472392,-0.27249962756231794,0.33043260901717947
1.8118118118118118,0.8101701138207726,-0.2801513722980122,0.32818780666418185
1.8218218218218218,0.8073276804342365,-0.28775949018544456,0.32588899179766234
1.8318318318318318,0.8044093109107261,-0.2953232992959304,0.3235371697399346
1.8418418418418419,0.80141545217025,-0.30284212354426887,0.32113336348862315
1.8518518518518519,0.7983465578709534,-0.31031529274540814,0.3186786132321998
1.8618618618618619,0.7952030883497765,-0.31774214267040124,0.3161739758605112
1.8718718718718719,0.7919855105625568,-0.32512201510164723,0.3136205244705169
1.8818818818818819,0.7886942980235823,-0.33245425788741484,0.3110193478674556
1.8918918918918919,0.7853299307446016,-0.3397382249956431,0.30837155006166034
1.901901901901902,0.7818928951733003,-0.34697327656701626,0.3056782497612428
1.911911911911912,0.7783836841312489,-0.35415877896730785,0.3029405798608679
1.921921921921922,0.7748027967513306,-0.3612941048389912,0.3001596869268418
1.931931931931932,0.7711507384146563,-0.3683786331521125,0.29733673067873484
1.941941941941942,0.7674280206869742,-0.37541174925442106,0.29447288346776346
1.951951951951952,0.7636351612545806,-0.38239284492075604,0.2915693297521547
1.961961961961962,0.7597726838597414,-0.3893213184016838,0.2886272655697173
1.971971971971972,0.7558411182356289,-0.3961965744713834,0.285647898007843
1.981981981981982,0.7518410000407842,-0.40301802447477664,0.2826324446711633
1.991991991991992,0.747772870793112,-0.4097850863739003,0.27958213314708613
2.002002002002002,0.7436372778034126,-0.4164971847935155,0.2764982004694349
2.012012012012012,0.7394347741084645,-0.42315375106595277,0.27338189258041795
2.022022022022022,0.7351659184036594,-0.4297542232751902,0.270234463791148
2.032032032032032,0.7308312749752014,-0.4362980463001589,0.2670571762409392
2.042042042042042,0.7264314136318749,-0.44278467185727666,0.2638512993556021
2.052052052052052,0.7219669096363931,-0.44921355854220435,0.2606181093049619
2.062062062062062,0.7174383436363297,-0.45558417187082345,0.2573588884598202
2.0720720720720722,0.7128463015946461,-0.4618959843194323,0.2540749248485826
2.0820820820820822,0.7081913747198196,-0.46814847536415755,0.250767511613774
2.0920920920920922,0.7034741593955812,-0.47434113151958035,0.2474379464686598
2.1021021021021022,0.6986952571102703,-0.4804734463765722,0.24408753115419332
2.1121121121121122,0.6938552743858152,-0.48654492063934096,0.24071757089650744
2.1221221221221223,0.688954822706346,-0.49255506216168277,0.23732937386516634
2.1321321321321323,0.6839945184464497,-0.4985033859824389,0.23392425063239528
2.1421421421421423,0.6789749827990726,-0.5043894143601558,0.2305035136335005
2.1521521521521523,0.6738968417030825,-0.510212676806945,0.22706847662869473
2.1621621621621623,0.6687607257704924,-0.515972710121543,0.22362045416653786
2.1721721721721723,0.6635672702133606,-0.5216690584215666,0.22016076104920557
2.1821821821821823,0.6583171147703698,-0.5273012731749663,0.21669071179979213
2.1921921921921923,0.6530109036330968,-0.5328689132306716,0.2132116201318568
2.2022022022022023,0.6476492853719777,-0.5383715448484296,0.20972479842141672
2.2122122122122123,0.6422329128619814,-0.5438087417278348,0.20623155718159267
2.2222222222222223,0.6367624432079924,-0.5491800850365478,0.20273320454010585
2.2322322322322323,0.6312385376699193,-0.5544851634377044,0.19923104571982908
2.2422422422422423,0.6256618615875309,-0.55972357311651,0.19572638252258734
2.2522522522522523,0.62003308430503,-0.5648949178060212,0.19222051281640423
2.2622622622622623,0.614352879095374,-0.5699988088121137,0.18871473002638758
2.2722722722722724,0.608621923084349,-0.5750348650376323,0.18521032262944565
2.2822822822822824,0.6028408971744075,-0.580002713005727,0.18170857365302226
2.2922922922922924,0.5970104859682749,-0.5849019868823713,0.17821076017803786
2.3023023023023024,0.5911313776923351,-0.5897323284980609,0.17471815284621908
2.3123123123123124,0.5852042641198048,-0.5944933873686973,0.1712320153720011
2.3223223223223224,0.5792298404936999,-0.5991848207156502,0.1677536040591785
2.3323323323323324,0.5732088054496074,-0.6038062934850016,0.16428416732248294
2.3423423423423424,0.567141860938268,-0.6083574783659709,0.16082494521426086
2.3523523523523524,0.5610297121479786,-0.6128380558085189,0.15737716895642187
2.3623623623623624,0.5548730674268219,-0.6172477140401341,0.1539420604778252
2.3723723723723724,0.5486726382047334,-0.6215861490817969,0.15052083195727117
2.3823823823823824,0.5424291389154116,-0.6258530647631249,0.14711468537225741
2.3923923923923924,0.5361432869180809,-0.6300481727366999,0.1437248120536618
2.4024024024024024,0.5298158024191157,-0.6341711924915725,0.14035239224650575
2.4124124124124124,0.5234474083935333,-0.6382218513659492,0.13699859467695322
2.4224224224224224,0.5170388305063629,-0.642199884559061,0.13366457612569374
2.4324324324324325,0.5105907970339014,-0.6461050351422116,0.13035148100785734
2.4424424424424425,0.5041040387848619,-0.64993705406901,0.12706044095960475
2.4524524524524525,0.4975792890214234,-0.6536957001847836,0.1237925744315326
2.4624624624624625,0.49101728338019157,-0.6573807402351762,0.12054898628903167
2.4724724724724725,0.4844187597930765,-0.6609919488739291,0.11733076741973118
2.4824824824824825,0.4777844584080972,-0.6645291086698474,0.11413899434815937
2.4924924924924925,0.47111512151011997,-0.6679920101129522,0.11097472885774755
2.5025025025025025,0.4644114934415402,-0.6713804516198206,0.10783901762030088
2.5125125125125125,0.4576743205229133,-0.674694239538111,0.10473289183305519
2.5225225225225225,0.45090435097354575,-0.6779331881502809,0.10165736686343727
2.5325325325325325,0.4441023348320522,-0.6810971196764923,0.0986134419016401
2.5425425425425425,0.4372690238768882,-0.6841858642767104,0.09560209962112332
2.5525525525525525,0.43040517154686503,-0.6871992600519944,0.09262430584714315
2.5625625625625625,0.4235115328616565,-0.6901371530449844,0.08968100923341497
2.5725725725725725,0.4165888643423043,-0.6929993972395818,0.0867731409470054
2.5825825825825826,0.4096379239317314,-0.6957858545598303,0.08390161436154947
2.5925925925925926,0.40265947091526944,-0.6984963948679948,0.08106732475888236
2.6026026026026026,0.39565426584121016,-0.7011308959618412,0.0782711490391735
2.6126126126126126,0.38862307044138816,-0.7036892435711215,0.07551394543964607
2.6226226226226226,0.3815666475518023,-0.706171331353261,0.07279655326196066
2.6326326326326326,0.3744857610332849,-0.7085770608882558,0.07011979260833928
2.6426426426426426,0.3673811756922248,-0.7109063416727762,0.06748446412650067
2.6526526526526526,0.36025365720135494,-0.713159091113485,0.06489134876347567
2.6626626626626626,0.35310397202060945,-0.7153352345195664,0.062341207528365666
2.6726726726726726,0.3459328873180604,-0.7174347050944726,0.05983478126410493
2.6826826826826826,0.3387411708909403,-0.7194574439268894,0.05737279042828261
2.6926926926926926,0.3315295910867598,-0.72140339998092,0.054955934883077075
2.7027027027027026,0.3242989167245263,-0.7232725300854949,0.052584893694350626
2.7127127127127126,0.317049917016074,-0.7250647989230069,0.0502603249399497
2.7227227227227226,0.3097833614875101,-0.7267801790171745,0.04798286552725069
2.7327327327327327,0.30250001990078756,-0.7284186507201372,0.04575313101998844
2.7427427427427427,0.29520066217540974,-0.7299802021987855,0.0435717154744002
2.7527527527527527,0.28788605831027675,-0.7314648294203261,0.04143919128471403
2.7627627627627627,0.2805569783056793,-0.7328725361370915,0.03935610903800671
2.7727727727727727,0.27321419208544906,-0.7342033338705884,0.03732299737845233
2.7827827827827827,0.2658584694192716,-0.7354572418947957,0.03534036288097889
2.7927927927927927,0.25849057984517126,-0.7366342872187097,0.03340868993434643
2.8028028028028027,0.2511112925921739,-0.7377345045681452,0.03152844063365619
2.8128128128128127,0.24372137650315548,-0.7387579363667891,0.029700054682296435
2.8228228228228227,0.23632159995788443,-0.7397046327165174,0.027923949303327183
2.8328328328328327,0.2289127307962643,-0.7405746513769724,0.02620051916030149
2.8428428428428427,0.221495536241785,-0.7413680577444082,0.024530136287517948
2.8528528528528527,0.21407078282518882,-0.7420849248298055,0.02291315002969458
2.8628628628628627,0.20663923630835962,-0.7427253332362611,0.021349886991051045
2.8728728728728727,0.199201661608442,-0.7432893711356544,0.019840650993782117
2.8828828828828827,0.19175882272219744,-0.7437771342445959,0.01838572304590157
2.8928928928928928,0.18431148265060462,-0.7441887257996606,0.016985361318432066
2.9029029029029028,0.1768604033237116,-0.7445242565319105,0.015639801131912972
2.9129129129129128,0.16940634552574654,-0.7447838446407116,0.014349254952194314
2.9229229229229228,0.16195006882049348,-0.7449676157668466,0.013113912395481287
2.932932932932933,0.1544923314769416,-0.7450757029649299,0.011933940242590601
2.942942942942943,0.14703389039521333,-0.7451082466751281,0.010809482462375805
2.952952952952953,0.13957550103277944,-0.7450653946941905,0.009740660244275707
2.962962962962963,0.13211791733096753,-0.7449473021457937,0.008727572039936186
2.972972972972973,0.12466189164177051,-0.7447541314502043,0.007770293613852266
2.982982982982983,0.11720817465496239,-0.7444860522932653,0.006868878102974083
2.992992992992993,0.10975751532552785,-0.7441432415947097,0.006023356085216741
3.003003003003003,0.10231066080141232,-0.7437258834758063,0.005233735656810824
3.013013013013013,0.09486835635159911,-0.7432341692263413,0.004500002518426998
3.023023023023023,0.08743134529452067,-0.7426682972709424,0.0038221200700048505
3.033033033033033,0.08000036892680987,-0.7420284731347485,0.003200029514212843
3.043043043043043,0.07257616645239845,-0.7413149094084289,0.002633649968463123
3.053053053053053,0.0651594749119687,-0.7405278257125613,0.0021228785854017396
3.063063063063063,0.05775102911276501,-0.7396674486613655,0.0016675906817917158
3.073073073073073,0.05035156155877154,-0.7387340118258086,0.00126763987570338
3.083083083083083,0.042961802381262494,-0.7377277556960747,0.0009228582319233258
3.093093093093093,0.03558247926973102,-0.7366489276434146,0.000633056415490419
3.103103103103103,0.028214317403203303,-0.7354977818813734,0.0003980238532643504
3.113113113113113,0.020858039381943642,-0.7342745794264052,0.00021752890342935594
3.123123123123123,0.013514365159557016,-0.7329795880578787,9.131903283292426e-05
3.133133133133133,0.006184011975494892,-0.7316130822774787,1.9121002056532118e-05
3.143143143143143,-0.0011323057120295266,-0.7301753432680088,6.410581127473466e-07
3.153153153153153,-0.008433876292710694,-0.7286666588516024,3.556513466037374e-05
3.163163163163163,-0.01571999107039887,-0.7270873234473444,0.0001235590596267101
3.173173173173173,-0.02298994432892115,-0.7254376380283117,0.00026426877012344685
3.183183183183183,-0.030243033397469542,-0.7237179100780375,0.0004573205345402291
3.193193193193193,-0.037478558715550454,-0.721928453546402,0.0007023211816974815
3.203203203203203,-0.044695823897489745,-0.7200695888049614,0.0009988583369377076
3.2132132132132134,-0.05189413579648816,-0.7181416426017132,0.001346500665032177
3.2232232232232234,-0.05907280456821961,-0.7161449480153103,0.001744798119777534
3.2332332332332334,-0.06623114373397151,-0.7140798444087245,0.002193282200154997
3.2432432432432434,-0.0733684702433155,-0.7119466773823686,0.0026914662129221356
3.2532532532532534,-0.08048410453630765,-0.7097457987266811,0.003238845541505649
3.2632632632632634,-0.08757737060521123,-0.7074775663741802,0.003834897921061258
3.2732732732732734,-0.09464759605573676,-0.7051423443509923,0.004479083719564959
3.2832832832832834,-0.10169411216779438,-0.7027405027278626,0.0051708462247979725
3.2932932932932935,-0.10871625395575317,-0.7002724175706496,0.005909611937085908
3.3033033033033035,-0.11571336022820242,-0.6977384708903172,0.006694790867650869
3.3133133133133135,-0.12268477364720978,-0.6951390505924209,0.00752577684243355
3.3233233233233235,-0.12962984078707138,-0.6924745504261026,0.008401947811240738
3.3333333333333335,-0.13654791219254878,-0.6897453699325948,0.009322666162072005
3.3433433433433435,-0.143438342436588,-0.6869519143932422,0.010287279040477942
3.3533533533533535,-0.15030049017751634,-0.6840945947770489,0.011295118673800843
3.3633633633633635,-0.15713371821571093,-0.6811738276877525,0.012345502700147223
3.3733733733733735,-0.16393739354973602,-0.6781900353104369,0.013437734501940515
3.3833833833833835,-0.17071088743194296,-0.6751436453576859,0.014571103543900751
3.3933933933933935,-0.1774535754235293,-0.6720350910152872,0.0157448857152971
3.4034034034034035,-0.18416483744905193,-0.6688648108874903,0.01695834367631786
3.4134134134134135,-0.19084405785039002,-0.6656332489418261,0.018210727208401507
3.4234234234234235,-0.1974906254401538,-0.6623408544534961,0.01950127356837156
3.4334334334334335,-0.20410393355453404,-0.6589880819493351,0.020829207846216825
3.4434434434434436,-0.21068338010558893,-0.6555753911513544,0.022193743326358033
3.4534534534534536,-0.21722836763296335,-0.6521032469198741,0.02359408185224094
3.4634634634634636,-0.22373830335503722,-0.6485721191962488,0.02502941419409533
3.4734734734734736,-0.23021259921949838,-0.6449824829451949,0.026498920419698695
3.4834834834834836,-0.23665067195333617,-0.6413348180967238,0.028001770267982763
3.4934934934934936,-0.24305194311225173,-0.6376296094876909,0.029537123525320626
3.5035035035035036,-0.24941583912948168,-0.633867346802965,0.031104130404331742
3.5135135135135136,-0.2557417913640306,-0.630048524516225,0.03270193192504167
3.5235235235235236,-0.2620292361483092,-0.6261736418303899,0.03432966029823319
3.5335335335335336,-0.26827761483517454,-0.6222432026176925,0.03598643931082513
3.5435435435435436,-0.2744863738443684,-0.6182577153593978,0.03767138471311519
3.5535535535535536,-0.2806549647083506,-0.6142176930851775,0.039383604607722764
3.5635635635635636,-0.28678284411752397,-0.6101236533121471,0.04112219984006803
3.5735735735735736,-0.29286947396484664,-0.6059761179835678,0.04288626439022299
3.5835835835835836,-0.2989143213898303,-0.6017756134072276,0.04467488576597139
3.5935935935935936,-0.30491685882191916,-0.5975226701935012,0.046487145396913086
3.6036036036036037,-0.3108765640232473,-0.5932178231931008,0.04832211902945009
3.6136136136136137,-0.31679292013077215,-0.5888616114345209,0.05017887712249089
3.6236236236236237,-0.32266541569777957,-0.5844545780611878,0.05205648524371045
3.6336336336336337,-0.32849354473475834,-0.5799972702683178,0.05395400446620334
3.6436436436436437,-0.33427680674964183,-0.575490239239491,0.05587049176536869
3.6536536536536537,-0.3400147067874128,-0.5709340400829513,0.05780500041586515
3.6636636636636637,-0.3457067554690692,-0.5663292317676342,0.05975658038847541
3.6736736736736737,-0.3513524690299487,-0.5616763770589344,0.06172427874672053
3.6836836836836837,-0.35695136935740873,-0.5569760424542165,0.06370714004306462
3.6936936936936937,-0.3625029840278593,-0.5522287981180791,0.06570420671455121
3.7037037037037037,-0.36800684634314773,-0.5474352178173753,0.06771451947771458
3.7137137137137137,-0.37346249536629056,-0.5425958788560009,0.0697371177226083
3.7237237237237237,-0.3788694759565522,-0.537711362009455,0.07177103990579624
3.7337337337337337,-0.3842273388038671,-0.5327822514591799,0.07381532394215085
3.7437437437437437,-0.3895356404626041,-0.5278091347266884,0.07586900759530557
3.7537537537537538,-0.3947939433846695,-0.5227926026074851,0.07793112886660881
3.7637637637637638,-0.40000181595194906,-0.5177332491047886,0.08000072638242846
3.7737737737737738,-0.4051588325080836,-0.5126316713630631,0.08207683977965667
3.7837837837837838,-0.41026457338958044,-0.5074884696013636,0.08415851008926722
3.793793793793794,-0.41531862495625516,-0.5023042470465049,0.08624478011777727
3.803803803803804,-0.42032057962100405,-0.49707960986605926,0.0883346948264684
3.813813813813814,-0.4252700358789057,-0.49181516710119183,0.09042730170822288
3.823823823823824,-0.4301665983356483,-0.48651153059933894,0.09252165116183149
3.833833833833834,-0.4350098777352829,-0.4811693149467373,0.09461679686363288
3.843843843843844,-0.439799490987301,-0.4757891374008126,0.09671179613634452
3.853853853853854,-0.4445350611930337,-0.47037161782243114,0.09880571031494711
3.863863863863864,-0.4492162176713727,-0.4649173786080258,0.10089760510948706
3.873873873873874,-0.45384259598381166,-0.4594270446215997,0.10298655096466265
3.883883883883884,-0.45841383795880464,-0.45390124312661784,0.10507162341606059
3.893893893893894,-0.46292959171544473,-0.44834060371779144,0.10715190344291418
3.903903903903904,-0.467389511686457,-0.4427457582527631,0.10922647781725235
3.913913913913914,-0.4717932586405087,-0.4371173407837004,0.11129443944931497
3.923923923923924,-0.47614049970383365,-0.43145598748880354,0.1133548877291082
3.933933933933934,-0.48043090838117053,-0.4257623366037363,0.11540692886397834
3.943943943943944,-0.4846641645760149,-0.4200370283529844,0.11744967621208323
3.953953953953954,-0.4888399546101832,-0.41428070488115143,0.11948225061164298
3.963963963963964,-0.49295797124268953,-0.40849401018419834,0.12150378070585416
3.973973973973974,-0.4970179136879324,-0.4026775900406312,0.12351340326335251
3.983983983983984,-0.5010194876331951,-0.39683209194264907,0.1255102634941147
3.993993993993994,-0.5049624052554532,-0.3909581650272542,0.1274935153606863
4.004004004004004,-0.5088463852374955,-0.38505646000733473,0.12946232188463283
4.014014014014014,-0.5126711527833525,-0.3791276291027264,0.1314158554481058
4.024024024024024,-0.5164364396330372,-0.3731723259712578,0.13335329809042384
4.034034034034034,-0.5201419840765932,-0.3671912056397905,0.13527384179956745
4.044044044044044,-0.5237875309674538,-0.3611849244352569,0.13717668879849068
4.054054054054054,-0.527372831735111,-0.3551541399157061,0.13906105182615483
4.064064064064064,-0.5308976443970934,-0.34909951080136153,0.14092615441319134
4.074074074074074,-0.5343617335702552,-0.3430216969057005,0.1427712311521042
4.084084084084084,-0.5377648704813739,-0.3369213590665601,0.14459552796192443
4.094094094094094,-0.5411068329770609,-0.33079915907727775,0.14639830234723242
4.104104104104104,-0.5443874055329798,-0.3246557596178727,0.1481788236514645
4.114114114114114,-0.5476063792623797,-0.31849182418627564,0.14993637330442658
4.124124124124124,-0.5507635519239371,-0.3123080170296128,0.15167024506393567
4.134134134134134,-0.5538587279289126,-0.30610500307555255,0.1533797452515166
4.1441441441441444,-0.5568917183476189,-0.2998834478637196,0.15506419298208182
4.1541541541541545,-0.5598623409152047,-0.29364401747718505,0.15672292038752644
4.1641641641641645,-0.5627704200367512,-0.28738737847403817,0.15835527283417067
4.1741741741741745,-0.5656157867916849,-0.28111419781904756,0.15996060913398838
4.1841841841841845,-0.5683982789375074,-0.2748251428154169,0.16153830174956021
4.1941941941941945,-0.5711177409128414,-0.26852088103664445,0.16308773699269372
4.2042042042042045,-0.5737740238397964,-0.26220208025848973,0.16460831521665562
4.2142142142142145,-0.5763669855256524,-0.2558694083910574,0.16609945100196377
4.2242242242242245,-0.5788964904638664,-0.2495235334110024,0.16756057333569066
4.2342342342342345,-0.5813624098343985,-0.2431651232938641,0.16899112578422953
4.2442442442442445,-0.5837646215033642,-0.23679484594653682,0.17039056665948302
4.2542542542542545,-0.5861030100220084,-0.23041336913988059,0.17175836917842924
4.2642642642642645,-0.5883774666250077,-0.224021360441482,0.17309402161603102
4.2742742742742745,-0.5905878892280999,-0.21761948714856946,0.1743970274514512
4.2842842842842845,-0.592734182425042,-0.2112084162210901,0.17566690550754152
4.2942942942942945,-0.5948162574839009,-0.20478881421495435,0.17690319008357713
4.3043043043043046,-0.596834032342674,-0.19836134721545512,0.178105431081208
4.314314314314315,-0.5987874316042471,-0.19192668077086764,0.17927319412360543
4.324324324324325,-0.6006763865306868,-0.18548547982623667,0.1804060606677815
4.334334334334335,-0.6025008350368719,-0.17903840865735648,0.18150362811006396
4.344344344344345,-0.604260721683464,-0.17258613080495128,0.18256550988471038
4.354354354354355,-0.6059559976692213,-0.16612930900906098,0.18359133555565063
4.364364364364365,-0.6075866208226561,-0.1596686051436396,0.18458075090134707
4.374374374374375,-0.609152555593039,-0.1532046801513717,0.18553341799276526
4.384384384384385,-0.6106537730407515,-0.14673819397871357,0.18644901526445284
4.394394394394395,-0.6120902508269894,-0.1402698055111649,0.1873272375787234
4.404404404404405,-0.6134619732028196,-0.13380017250877718,0.18816779628294847
4.414414414414415,-0.6147689309975932,-0.12732995154190516,0.18897041925996177
4.424424424424425,-0.6160111216067152,-0.12085979792720637,0.18973485097158166
4.434434434434435,-0.6171885489787766,-0.11439036566389639,0.19046085249526387
4.444444444444445,-0.6183012236020479,-0.1079223073702639,0.1911482015538948
4.454454454454455,-0.6193491624903403,-0.10145627422045293,0.19179669253874299
4.464464464464465,-0.6203323891682339,-0.09499291588151695,0.19240613652558458
4.474474474474475,-0.6212509336556779,-0.08853288045075208,0.19297636128402573
4.484484484484485,-0.6221048324519654,-0.08207681439331338,0.19350721128004394
4.494494494494495,-0.6228941285190835,-0.07562536248012153,0.1939985476717743
4.504504504504505,-0.6236188712644459,-0.06917916772606489,0.1944502482985708
4.514514514514515,-0.6242791165230058,-0.06273887132850257,0.19486220766337234
4.524524524524525,-0.6248749265387562,-0.05630511260607422,0.19523433690840797
4.534534534534535,-0.6254063699456194,-0.0498785289378223,0.19556656378427847
4.544544544544545,-0.6258735217477275,-0.043459755702632094,0.19585883261245154
4.554554554554555,-0.6262764632990996,-0.03704942621899508,0.19611110424121422
4.564564564564565,-0.626615282282717,-0.030648171685101103,0.19632335599512457
4.574574574574575,-0.6268900726890005,-0.024256621119264674,0.1964955816180102
4.584584584584585,-0.6271009347936929,-0.017875401300690763,0.19662779120956173
4.594594594594595,-0.6272479751351505,-0.0115051367105857,0.1967200111555732
4.604604604604605,-0.6273313064910474,-0.005146449473617809,0.1967722840518822
4.614614614614615,-0.6273510478544939,0.0012000407002664207,0.19678466862206576
4.624624624624625,-0.6273073244095767,0.007533716573665611,0.19675723962895095
4.634634634634635,-0.6272002675063195,0.013853963439181362,0.19669008777999938
4.644644644644645,-0.627030014635073,0.020160169176505205,0.19658331962662995
4.654654654654655,-0.6267967094003325,0.02645172430912998,0.19643705745754242
4.664664664664665,-0.6265005014939924,0.0327280220606804,0.196251439186112
4.674674674674675,-0.6261415466680369,0.038988458410858025,0.19602661823192072
4.684684684684685,-0.6257200067066733,0.04523243215099572,0.19576276339649962
4.694694694694695,-0.6252360493979111,0.05145934493921664,0.19546005873335356
4.704704704704705,-0.6246898485045916,0.057668601355193264,0.19511870341234483
4.714714714714715,-0.6240815837348698,0.0638596089545013,0.19473891157851164
4.724724724724725,-0.6234114407121559,0.07003177832256421,0.19432091220540296
4.734734734734735,-0.6226796109445182,0.07618452312818344,0.19386494894300826
4.744744744744745,-0.6218862917935518,0.0823172601766499,0.19337127996036735
4.754754754754755,-0.6210316864427192,0.08842940946243204,0.19284017778294396
4.764764764764765,-0.6201160038651634,0.09452039422143624,0.1922719291248497
4.774774774774775,-0.6191394587910023,0.10058964098283482,0.19166683471600762
4.784784784784785,-0.6181022716741055,0.1066365796204577,0.19102520912434484
4.794794794794795,-0.6170046686583579,0.11266064340374278,0.19034738057310502
4.804804804804805,-0.6158468815434177,0.11866126904824145,0.1896336907533762
4.814814814814815,-0.6146291477499689,0.12463789676567447,0.18888449463192655
4.824824824824825,-0.6133517102844767,0.1305899703135343,0.18810016025444629
4.834834834834835,-0.6120148177034471,0.13651693704422996,0.1872810685442918
4.844844844844845,-0.6106187240771989,0.14241824795376984,0.18642761309683314
4.854854854854855,-0.609163688953148,0.14829335772997895,0.18554019996950383
4.864864864864865,-0.6076499773186146,0.15414172480024654,0.1846192474676564
4.874874874874875,-0.6060778595631514,0.15996281137880003,0.18366518592632555
4.884884884884885,-0.6044476114404043,0.16575608351350152,0.18267845748800496
4.894894894894895,-0.6027595140295041,0.17152101113216345,0.181659515876542
4.904904904904905,-0.6010138536959994,0.1772570680883787,0.18060882616725807
4.914914914914915,-0.5992109220523314,0.18296373220686302,0.17952686455340258
4.924924924924925,-0.5973510159178586,0.18864048532830432,0.17841411810904886
4.934934934934935,-0.5954344372784341,0.19428681335371736,0.17727108454854276
4.944944944944945,-0.5934614932455423,0.199902206288298,0.17609827198261443
4.954954954954955,-0.5914324960149974,0.2054861582847757,0.17489619867126494
4.964964964964965,-0.5893477628252133,0.21103816768625988,0.17366539277354193
4.974974974974975,-0.5872076159150444,0.21655773706857653,0.1724063920943152
4.984984984984985,-0.5850123824812067,0.2220443732820925,0.17111974382816883
4.994994994994995,-0.5827623946352821,0.22749758749302412,0.16980600430052414
5.005005005005005,-0.5804579893603129,0.2329168952242265,0.16846573870610856
5.015015015015015,-0.5780995084669889,0.23830181639546125,0.16709952084488708
5.025025025025025,-0.5756872985494355,0.2436518753631386,0.16570793285557342
5.035035035035035,-0.5732217109406056,0.24896660095953185,0.16429156494683758
5.045045045045045,-0.5707031016672832,0.254245526531461,0.1628510151263287
5.055055055055055,-0.5681318314047004,0.25948818997844225,0.16138688892762942
5.065065065065065,-0.5655082654307759,0.2646941337903011,0.15989979913526245
5.075075075075075,-0.5628327735799808,0.2698629050842459,0.158390365507867
5.085085085085085,-0.5601057301968353,0.2749940556414,0.15685921449966503
5.095095095095095,-0.5573275140890407,0.2800871419427887,0.15530697898033494
5.105105105105105,-0.5544985084802575,0.28514172520477954,0.1537342979534151
5.115115115115115,-0.5516191009625284,0.29015737141397235,0.15214181627335405
5.125125125125125,-0.5486896834483559,0.29513365136153796,0.1505301843613285
5.135135135135135,-0.5457106521224392,0.3000701406770021,0.14890005791994892
5.145145145145145,-0.5426824073930755,0.30496641986147266,0.14725209764697197
5.155155155155155,-0.539605353843231,0.30982207432030784,0.1455869689481393
5.165165165165165,-0.5364799001812892,0.31463669439522335,0.14390534164926302
5.175175175175175,-0.533306459191478,0.31940987539583626,0.1422078897076758
5.185185185185185,-0.5300854476839867,0.3241412176306432,0.1404952909231663
5.195195195195195,-0.526817286444774,0.3288303264374322,0.1387682266485175
5.205205205205205,-0.5235024001850749,0.33347681221312375,0.13702738149976715
5.215215215215215,-0.5201412174906118,0.33808029044304194,0.13527344306630798
5.225225225225225,-0.5167341707705156,0.3426403817296121,0.1335071016209462
5.235235235235235,-0.5132816962059621,0.34715671182048363,0.13172904983003478
5.245245245245245,-0.5097842336985294,0.3516289116360768,0.12993998246379843
5.255255255255255,-0.5062422268182839,0.3560566172965509,0.1281405961069674
5.265265265265265,-0.5026561227515978,0.3604394701481936,0.12633158886983467
5.275275275275275,-0.49902637224870555,0.36477711678922814,0.12451366009985182
5.285285285285285,-0.49535342957100575,0.3690692090950388,0.12268751009387868
5.295295295295295,-0.4916377524381127,0.3733154042428117,0.12085383981119949
5.305305305305305,-0.4878798019746642,0.3775153647355911,0.11901335058741877
5.315315315315315,-0.484080042656892,0.3816687584257486,0.11716674384934918
5.325325325325325,-0.48023894225895974,0.38577525853786426,0.11531472083100223
5.335335335335335,-0.47635697179907527,0.38983454369101983,0.1134579822907925
5.345345345345345,-0.47243460548538213,0.393846297920501,0.11159722823006432
5.355355355355355,-0.4684723206616378,0.3978102106989095,0.10973315761305019
5.365365365365365,-0.46447059775268207,0.40172597695668233,0.10786646808836689
5.375375375375375,-0.4604299202097045,0.40559329710201925,0.10599785571215743
5.385385385385385,-0.45635077445531436,0.4094118770402154,0.10412801467298259
5.395395395395395,-0.45223364982842046,0.4131814281924012,0.1022576370185672
5.405405405405405,-0.4480790385289265,0.41690166751368474,0.1003874123845036
5.415415415415415,-0.44388743556224697,0.4205723175107009,0.09851802772501397
5.425425425425425,-0.43965933868365153,0.424193106258562,0.0966501670458729
5.435435435435435,-0.4353952483424422,0.42776376741721334,0.09478451113958845
5.445445445445445,-0.4310956676259691,0.43128404024718986,0.09292173732294003
5.455455455455455,-0.426761102203493,0.4347536696247764,0.0910625191769701
5.465465465465465,-0.4223920602698974,0.4381724060565688,0.08920752628952432
5.475475475475475,-0.41798905248925916,0.4415400056934373,0.08735742400043432
5.485485485485485,-0.4135525919382818,0.4448562303438912,0.08551287314943551
5.495495495495495,-0.40908319404959803,0.4481208474868447,0.08367452982691054
5.505505505505505,-0.40458137655494764,0.4513336302837844,0.08184304512754817
5.515515515515515,-0.4000476594282362,0.45449435759033696,0.08001906490700504
5.525525525525525,-0.3954825648284817,0.4576028139672389,0.07820322954165712
5.535535535535535,-0.39088661704265343,0.46065878969070767,0.076396173691525
5.545545545545545,-0.3862603424284111,0.4636620807622131,0.07459852606645671
5.555555555555555,-0.38160426935674824,0.46661248891765184,0.07281090919564884
5.565565565565565,-0.37691892815454714,0.4695098216359226,0.07103393920058633
5.575575575575575,-0.372204851047051,0.47235389214690443,0.0692682255714787
5.585585585585585,-0.3674625721002589,0.4751445194388368,0.06751437094726899
5.595595595595595,-0.3626926271632505,0.47788152826510377,0.06577297089929032
5.605605605605605,-0.3578955538104454,0.480564749150421,0.06404461371864272
5.615615615615615,-0.35307189128380284,0.48319401839642656,0.062329880207360744
5.625625625625625,-0.34822218043497016,0.48576917808667786,0.06062934347344246
5.635635635635635,-0.34334696366738243,0.4882900760910526,0.05894356872980542
5.645645645645645,-0.33844678487832236,0.4907565660695568,0.057273113097236705
5.655655655655655,-0.33352218940094397,0.49316850747553953,0.05561852541139957
5.665665665665665,-0.32857372394626777,0.4955257655583152,0.05398034603395909
5.675675675675675,-0.32360193654515257,0.49782821136519545,0.05235910666788648
5.685685685685685,-0.3186073764902495,0.5000757217429299,0.0507553301769998
5.6956956956956954,-0.31359059427794495,0.5022681793385586,0.04916953040979734
5.7057057057057055,-0.3085521415502979,0.5044054725996752,0.04760221202763754
5.7157157157157155,-0.3034925710369772,0.5064874957741041,0.046053870337317324
5.7257257257257255,-0.29841243649720545,0.5085141489089922,0.04452499112809934
5.7357357357357355,-0.2933122926617146,0.510485337849314,0.043016050513235655
5.7457457457457455,-0.28819269517471985,0.5124009742357968,0.041527514776034495
5.7557557557557555,-0.2830542005359163,0.5142609755022612,0.04005984022051336
5.7657657657657655,-0.27789736604250637,0.5160652648723825,0.03861347302668139
5.7757757757757755,-0.2727227497312618,0.5178137713558736,0.03718884911049023
5.7857857857857855,-0.2675309103206265,0.5195064297440896,0.035786393988491545
5.7957957957957955,-0.26232240715286703,0.5211431806050569,0.03440652264723727
5.8058058058058055,-0.25709780013627526,0.5227239702779297,0.03304963941745607
5.8158158158158155,-0.25185764968742924,0.5242487508668713,0.031716137853037916
5.8258258258258255,-0.24660251667351887,0.525717480234367,0.030406400614856575
5.8358358358358355,-0.2413329623547404,0.5271301219939681,0.029120799359457272
5.8458458458458455,-0.23604954832676697,0.5284866455024676,0.027859694632635348
5.8558558558558556,-0.2307528364633006,0.5297870258515124,0.026623435767929377
5.865865865865866,-0.22544338885871018,0.5310312438586513,0.025412360790049805
5.875875875875876,-0.22012176777076234,0.532219286057823,0.024226796323262714
5.885885885885886,-0.2147885355634504,0.5333511446892845,0.0230670575047458
5.895895895895896,-0.20944425464992666,0.5344268176889829,0.021933447902931665
5.905905905905906,-0.20408948743554417,0.535446308677373,0.02082625944085157
5.915915915915916,-0.19872479626101283,0.5364096269476823,0.01974577232449053
5.925925925925926,-0.19335074334567606,0.5373167874536254,0.01869225497616275
5.935935935935936,-0.1879678907309129,0.5381678107965715,0.017665963972914207
5.945945945945946,-0.18257680022367162,0.5389627232121665,0.01666714398995725
5.955955955955956,-0.17717803334013954,0.5397015565564117,0.0156960277491398
5.965965965965966,-0.17177215124955536,0.5403843482912027,0.014752835972450062
5.975975975975976,-0.16635971471816857,0.54101114146933,0.013837777340555217
5.985985985985986,-0.16094128405335195,0.5415819847189446,0.01295104845637086
5.995995995995996,-0.15551741904787214,0.5420969322274911,0.012092833813655732
6.006006006006006,-0.15008867892432348,0.5425560437251107,0.011263305770624331
6.016016016016016,-0.14465562227973117,0.5429593844675168,0.010462624528568129
6.026026026026026,-0.13921880703032774,0.5433070252183472,0.009690938115473816
6.036036036036036,-0.1337787903565095,0.543599042230993,0.008948382374625459
6.046046046046046,-0.12833612864797705,0.5438355172299112,0.008235080958175059
6.056056056056056,-0.12289137744906546,0.5440165373914188,0.007551145325664338
6.066066066066066,-0.11744509140426948,0.5441421953239761,0.006896674747478606
6.076076076076076,-0.11199782420396845,0.5442125890479608,0.00627175631321151
6.086086086086086,-0.1065501285303564,0.5442278219749318,0.005676464944917735
6.096096096096096,-0.10110255600358205,0.5441880028863947,0.005110863415228722
6.106106106106106,-0.09565565712810403,0.5440932459120619,0.0045750023703047
6.116116116116116,-0.09020998123926612,0.5439436705076188,0.004068920357594372
6.126126126126126,-0.0847660764500976,0.5437394014319946,0.003592643858371895
6.136136136136136,-0.07932448959834343,0.5434805687241425,0.0031461873250188473
6.146146146146146,-0.07388576619372957,0.5431673076793331,0.0027295532230172353
6.156156156156156,-0.06845045036546772,0.5427997588249628,0.0023427320776176802
6.166166166166166,-0.06301908481000479,0.5423780678958823,0.001985702525145288
6.176176176176176,-0.057592210739021786,0.5419023858092488,0.0016584313689039481
6.186186186186186,-0.05217036782768662,0.5413728686389021,0.0013608736396380598
6.196196196196196,-0.04675409416316594,0.5407896775892735,0.0010929726605090938
6.206206206206206,-0.04134392619340038,0.5401529789688263,0.0008546601165426691
6.216216216216216,-0.03594039867614796,0.5394629441630333,0.0006458561285002291
6.226226226226226,-0.03054404462830039,0.538719749606897,0.000466469331127803
6.236236236236236,-0.025155395275476656,0.5379235767570114,0.00031639695573273664
6.246246246246246,-0.01977498000189853,0.5370746120631752,0.0001955249170377434
6.256256256256256,-0.014403326300552532,0.5361730469395534,0.00010372790426009414
6.266266266266266,-0.009040959723642703,0.5352190777353986,4.086947636226476e-05
6.276276276276276,-0.0036884038333387654,0.5342129057053279,6.8021614188940495e-06
6.286286286286286,0.0016538198471760725,0.5331547369791668,1.367560043456744e-06
6.296296296296296,0.0069851918823532495,0.532044782531358,2.4396452816646865e-05
6.306306306306306,0.01230519497261863,0.5308832581499435,7.57089116570794e-05
6.316316316316316,0.017613314002399655,0.5296703844051205,0.00015511441507356388
6.326326326326326,0.022909036087835625,0.5284063866173772,0.0002624119672368775
6.336336336336336,0.02819185062416696,0.5270914948252133,0.0003973902208076715
6.346346346346346,0.03346124933279926,0.5257259437524466,0.0005598276034558794
6.356356356356356,0.038716726308038005,0.5243099727751107,0.0007494924480057611
6.366366366366366,0.04395777806348998,0.522843825887951,0.0009661431261395204
6.376376376376376,0.04918390357812725,0.5213277516705189,0.0012095281855912592
6.386386386386386,0.05439460434200973,0.5197620032528707,0.001479386490761892
6.396396396396396,0.059589384401662504,0.5181468382808746,0.0017754473666845494
6.406406406406406,0.0647677504051039,0.516482518881132,0.0020974307462689177
6.416416416416417,0.06992921164652093,0.5147693116255141,0.002445047320751959
6.426426426426427,0.07507328011058562,0.5130074874953218,0.002817998693281225
6.436436436436437,0.0801994705164152,0.5111973218450694,0.003215977535556675
6.446446446446447,0.08530730036116344,0.5093390943659007,0.0036386677474548774
6.456456456456457,0.09039628996324613,0.507433089048639,0.004085744619559636
6.466466466466467,0.09546596250519451,0.5054795941464751,0.004556874998521602
6.476476476476477,0.10051584407613329,0.5034789021373012,0.00505171745516877
6.486486486486487,0.10554546371388016,0.5014313096856918,0.005569922455288996
6.496496496496497,0.11055435344666253,0.4993371176045366,0.006111132533004792
6.506506506506507,0.115542048334449,0.4971966308163331,0.006674982466660075
6.516516516516517,0.12050808650989121,0.49501015831413825,0.007261099457137712
6.526526526526527,0.1254520092188735,0.4927780131221887,0.007869103308526162
6.536536536536537,0.13037336086066656,0.490500512256192,0.008498606611052792
6.546546546546547,0.13527168902768189,0.4881779766832923,0.009149214926200936
6.556556556556557,0.14014654454482425,0.4858107312817187,0.009820526973927204
6.566566566566567,0.1449974815084381,0.483399104800117,0.010512134821894925
6.576576576576577,0.14982405732484588,0.4809434298165728,0.011223624076639353
6.586586586586587,0.1546258327484743,0.47844404269732876,0.011954574076579573
6.596596596596597,0.15940237191956594,0.4759012835552015,0.012704558086791811
6.606606606606607,0.16415324240147314,0.4733154962077033,0.0134731434954584
6.616616616616617,0.1688780152175313,0.470687028134872,0.014259892011906364
6.626626626626627,0.17357626488750838,0.4680162304368166,0.015064359866149237
6.636636636636637,0.17824756946362838,0.46530345779098004,0.01588609800984551
6.646646646646647,0.18289151056616532,0.4625490684091267,0.01672465231858688
6.656656656656657,0.18750767341860547,0.45975342399405905,0.0175795637954292
6.666666666666667,0.19209564688237482,0.45691688969606653,0.01845036877557902
6.676676676676677,0.1966550234911295,0.45403983406911425,0.01933659913214835
6.686686686686687,0.20118539948460631,0.45112262902677497,0.020237782482890314
6.696696696696697,0.20568637484203073,0.44816564979790874,0.021153442397828185
6.706706706706707,0.21015755331508004,0.445169274882097,0.022083098607690355
6.716716716716717,0.21459854246039944,0.44213388600483494,0.02302626721306393
6.726726726726727,0.21900895367166798,0.43905986807248654,0.023982460894179405
6.736736736736737,0.22338840221121287,0.43594760912700936,0.024951189121239305
6.746746746746747,0.2277365072411691,0.4327975003004517,0.025931958365203532
6.756756756756757,0.2320528918541828,0.42960993576922935,0.026924272308944525
6.766766766766767,0.23633718310365542,0.4263853127081853,0.027927632058685377
6.776776776776777,0.24058901203352728,0.42312403124443815,0.02894153635563437
6.786786786786787,0.24480801370759822,0.41982649441102543,0.0299654817877298
6.796796796796797,0.24899382723838256,0.4164931081003438,0.030998963001408752
6.806806806806807,0.25314609581549813,0.413124281017396,0.03204147291331468
6.816816816816817,0.257264466733585,0.4097204246328443,0.03309250292185793
6.826826826826827,0.2613485914197544,0.4062819531358799,0.03415154311854487
6.836836836836837,0.2653981254605647,0.4028092833869113,0.03521808249899082
6.846846846846847,0.2694127286285223,0.39930283487007684,0.03629160917353289
6.856856856856857,0.2733920649081073,0.39576302964558785,0.037371610577359375
6.866866866866867,0.27733580252132056,0.39219029230190555,0.03845757368007246
6.876876876876877,0.2812436139527516,0.38858504990775916,0.03954898519460219
6.886886886886887,0.2851151759741651,0.38494773196400806,0.04064533178538956
6.896896896896897,0.28895016966860515,0.381278770355355,0.041746100275757855
6.906906906906907,0.2927482804540153,0.37757859930191545,0.0428507778543914
6.916916916916917,0.2965091981063731,0.3738476553106461,0.0439588522808422
6.926926926926927,0.30023261678233754,0.3700863771266407,0.04506981208998497
6.936936936936937,0.30391823504140864,0.36629520568429647,0.04618314679534245
6.946946946946947,0.30756575586759766,0.36247458405835725,0.04729834709120334
6.956956956956957,0.3111748866906061,0.3586249574148372,0.048414905053455776
6.966966966966967,0.3147453394065136,0.3547467729618325,0.049532314339060725
6.976976976976977,0.3182768303979722,0.350840479900224,0.050650070384089786
6.986986986986987,0.3217690805539073,0.3469065293742774,0.05176767060025344
6.996996996996997,0.325221815288723,0.342945374422146,0.05288461456984614
7.007007007007007,0.32863476456101215,0.33895746992628023,0.054000404239035946
7.017017017017017,0.33200766289176886,0.33494327256375045,0.05511454410942722
7.027027027027027,0.3353402493821041,0.33090324075648786,0.056226541427825884
7.037037037037037,0.33863226773046196,0.32683783462144794,0.05733590637413763
7.047047047047047,0.34188346624933735,0.32274751592070244,0.058442152247330896
7.057057057057057,0.3450935978814937,0.31863274801146513,0.059544795649397034
7.067067067067067,0.34826242021567966,0.31449399579605597,0.06064335666724132
7.077077077077077,0.3513896955018452,0.310331725671809,0.06173735905243974
7.087087087087087,0.35447519066585564,0.3061464054809294,0.06282633039879736
7.097097097097097,0.3575186773237037,0.3019385044603052,0.06390980231764527
7.107107107107107,0.3605199317952192,0.2977084931912774,0.06498731061081475
7.117117117117117,0.3634787351172751,0.29345684354937585,0.0660583954412271
7.127127127127127,0.3663948730564906,0.2891840286540236,0.06712260150104093
7.137137137137137,0.3692681361214312,0.28489052281821675,0.06817947817729793
7.147147147147147,0.37209831957430384,0.2805768014981844,0.06922857971501037
7.157157157157157,0.3748852234421493,0.2762433412430333,0.0702694653776351
7.167167167167167,0.3776286525275292,0.2718906196443829,0.07130169960487868
7.177177177177177,0.3803284164187098,0.26751911528599537,0.07232485216778176
7.187187187187187,0.3829843294993412,0.26312930769340726,0.07333849832102997
7.197197197197197,0.3855962109576326,0.2587216772835649,0.07434221895244154
7.207207207207207,0.3881638847950228,0.2542967053144717,0.07533560072958186
7.217217217217217,0.390687179834348,0.249854873834851,0.07631823624345807
7.227227227227227,0.3931659297275043,0.24539666563382895,0.07728972414924642
7.237237237237237,0.3955999729626079,0.24092256419064384,0.07824966930400805
7.247247247247247,0.3979891528706512,0.23643305362438602,0.07919768290134928
7.257257257257257,0.40033331763165686,0.23192861864377368,0.08013338260298453
7.267267267267267,0.4026323202803281,0.2274097444969693,0.08105639266716035
7.277277277277277,0.4048860187111979,0.22287691692144224,0.08196634407390224
7.287287287287287,0.4070942756832765,0.2183306220938819,0.08286287464704577
7.297297297297297,0.409256958824197,0.21377134658016658,0.08374562917301524
7.307307307307307,0.4113739406338614,0.20919957728539346,0.08461425951631586
7.317317317317317,0.41344509848758615,0.2046158014039737,0.0854684247317049
7.327327327327327,0.41547031463874884,0.20002050636979846,0.08630779117301048
7.337337337337337,0.41744947622093614,0.19541417980648024,0.08713203259856697
7.347347347347347,0.41938247524959427,0.19079730947767468,0.08794083027323828
7.357357357357357,0.4212692086231827,0.18617038323748736,0.08873387306700131
7.367367367367367,0.42310957812383143,0.18153388898097075,0.08951085755006331
7.377377377377377,0.42490349041750375,0.1768883145947161,0.09027148808448884
7.387387387387387,0.4266508570536644,0.17223414790754468,0.09101547691231318
7.397397397397397,0.4283515944644553,0.16757187664130424,0.09174254424012059
7.407407407407407,0.43000562396337866,0.16290198836177358,0.0924524183200673
7.4174174174174174,0.43161287174348956,0.15822497042968203,0.09314483552733098
7.4274274274274275,0.43317326887509855,0.15354130995184717,0.09381954043396921
7.4374374374374375,0.4346867513029864,0.14885149373243617,0.09447628587917217
7.4474474474474475,0.4361532598431308,0.14415600822435484,0.09511483303589478
7.4574574574574575,0.43757274017894754,0.13945533948076988,0.09573495147385637
7.4674674674674675,0.43894514285704717,0.13474997310676823,0.09633641921889677
7.4774774774774775,0.44027042328250826,0.13004039421115834,0.09691902280867949
7.4874874874874875,0.44154854171366903,0.12532708735841833,0.09748255734473386
7.4974974974974975,0.44277946325643874,0.12061053652079483,0.09802682654082999
7.5075075075075075,0.4439631578581304,0.1158912250305579,0.09855164276768161
7.5175175175175175,0.44509960030081624,0.11116963553241602,0.09905682709397319
7.5275275275275275,0.4461887701942078,0.10644624993609557,0.09954220932370977
7.5375375375375375,0.447230651968062,0.1017215493690898,0.1000076280298889
7.5475475475475475,0.44822523486411514,0.09699601412958103,0.10045293058449559
7.5575575575575575,0.4491725129275471,0.09227012363954117,0.10087797318482374
7.5675675675675675,0.450072484997976,0.08754435639801442,0.10128262087612666
7.5775775775775776,0.45092515469998645,0.08281918993458662,0.10166674757060336
7.587587587587588,0.4517305304331939,0.07809510076304618,0.10203023606272736
7.597597597597598,0.4524886253618447,0.07337256433523963,0.10237297804092592
7.607607607607608,0.4531994574039566,0.0686520549951275,0.10269487409562035
7.617617617617618,0.45386304921999876,0.06393404593304368,0.1029958337236375
7.627627627627628,0.4544794282011169,0.05921900914016304,0.1032757753290071
7.637637637637638,0.4550486264569019,0.054507415363181384,0.10353462622015652
7.647647647647648,0.4555706808027071,0.049799734059211835,0.10377232260352101
7.657657657657658,0.4560456327465145,0.04509643335090165,0.10398880957358439
7.667667667667668,0.4564735284753532,0.04039797998177403,0.10418404109936956
7.677677677677678,0.45685441884127176,0.03570483927179832,0.10435798000739809
7.687687687687688,0.45718835934686664,0.031017475073193378,0.10451059796113983
7.697697697697698,0.4574754101303704,0.026336349726467263,0.10464187543697531
7.707707707707708,0.45771563595030024,0.021661924016698128,0.10475180169669389
7.717717717717718,0.4579091061696699,0.01699465713005955,0.10484037475655301
7.727727727727728,0.4580558947397687,0.01233500661059448,0.10490760135292504
7.737737737737738,0.458156080183508,0.007683428317241753,0.1049534969045585
7.747747747747748,0.45820974557833954,0.0030403763811188422,0.10497808547148332
7.757757757757758,0.4582169785387472,-0.0015936968369352975,0.10498139971058935
7.767767767767768,0.458177871198315,-0.006218340788553371,0.10496348082790986
7.777777777777778,0.45809252019137414,-0.010833106779765386,0.10492437852764226
7.787787787787788,0.457961026634232,-0.015437548012652916,0.10486415095793987
7.797797797797798,0.4577834961059849,-0.020031219626728377,0.10478286465350914
7.807807807807808,0.45756003862891903,-0.024613678740035592,0.10468059447504893
7.817817817817818,0.45729076864850016,-0.029184484489968278,0.10455742354556805
7.827827827827828,0.4569758050129574,-0.03374319807380259,0.10441344318362024
7.837837837837838,0.45661527095246157,-0.03828938278894042,0.10424875283349495
7.847847847847848,0.45620929405790306,-0.04282260407285989,0.10406345999240513
7.857857857857858,0.45575800625927104,-0.04734242954276957,0.10385768013471287
7.867867867867868,0.45526154380363676,-0.05184842903496298,0.10363153663323534
7.877877877877878,0.45472004723274484,-0.056340174643870075,0.10338516067767485
7.887887887887888,0.4541336613602153,-0.060817240760802346,0.10311869119021737
7.897897897897898,0.45350253524835926,-0.06527920411238815,0.10283227473834466
7.907907907907908,0.4528268221846108,-0.06972564379869513,0.10252606544490656
7.917917917917918,0.45210667965757984,-0.07415614133103642,0.10220022489550076
7.927927927927928,0.45134226933272753,-0.07857028066945743,0.10185492204320817
7.937937937937938,0.45053375702766774,-0.08296764825990008,0.10149033311073277
7.947947947947948,0.4496813126870992,-0.0873478330710415,0.10110664148999635
7.957957957957958,0.44878511035736957,-0.09171042663080389,0.10070403763923819
7.967967967967968,0.44784532816067585,-0.09605502306253255,0.10028271897767171
7.977977977977978,0.44686214826890486,-0.10038121912083942,0.09984288977775035
7.987987987987988,0.44583575687711585,-0.10468861422710853,0.09938476105509537
7.997997997997998,0.4447663441766702,-0.10897681050466125,0.09890855045614014
8.008008008008009,0.44365410432801017,-0.11324541281357814,0.09841448214354447
8.018018018018019,0.4424992354330911,-0.1174940287851726,0.0979027866794351
8.028028028028029,0.44130193950747043,-0.12172226885611924,0.09737370090652754
8.038038038038039,0.44006242245205635,-0.1259297463022267,0.09682746782718606
8.048048048048049,0.43878089402452075,-0.13011607727185745,0.09626433648047886
8.058058058058059,0.437457567810379,-0.13428088081899042,0.09568456181728616
8.068068068068069,0.4360926611937409,-0.1384237789359233,0.09508840457351944
8.078078078078079,0.4346863953277357,-0.14254439658561266,0.09447613114151025
8.088088088088089,0.4332389951046155,-0.14664236173364886,0.09384801343962852
8.098098098098099,0.43175068912554054,-0.15071730537986372,0.09320432878018958
8.108108108108109,0.4302217096700494,-0.1547688615895678,0.09254535973571014
8.118118118118119,0.42865229266521915,-0.15879666752441574,0.09187139400357434
8.128128128128129,0.4270426776545176,-0.16280036347289653,0.09118272426917011
8.138138138138139,0.42539310776635286,-0.16677959288044666,0.09047964806755796
8.148148148148149,0.4237038296823232,-0.17073400237918412,0.08976246764373357
8.158158158158159,0.4219750936051707,-0.1746632418172605,0.0890314898115463
8.168168168168169,0.4202071532264442,-0.17856696428782945,0.08828702581133617
8.178178178178179,0.4184002656938723,-0.18244482615762883,0.08752939116635146
8.188188188188189,0.41655469157845443,-0.18629648709517527,0.08675890553801065
8.198198198198199,0.4146706948412697,-0.19012161009856793,0.08597589258007073
8.208208208208209,0.4127485428000107,-0.1939198615229003,0.08518067979176613
8.218218218218219,0.4107885060952444,-0.1976909111072781,0.08437359836998133
8.228228228228229,0.40879085865640424,-0.20143443200144026,0.08355498306052013
8.238238238238239,0.4067558776675181,-0.2051501007919826,0.08272517200853646
8.248248248248249,0.4046838435326762,-0.20883759752818118,0.08188450660818979
8.258258258258259,0.40257503984124177,-0.21249660574741402,0.0810333313515887
8.268268268268269,0.40042975333280945,-0.21612681250017937,0.08017199367708731
8.278278278278279,0.3982482738619154,-0.21972790837470874,0.07930084381699759
8.288288288288289,0.39603089436250355,-0.22329958752117307,0.07842023464478222
8.298298298298299,0.3937779108121504,-0.22684154767548004,0.07753052152179095
8.308308308308309,0.3914896221960548,-0.23035349018266205,0.07663206214360486
8.318318318318319,0.3891663304707952,-0.23383512001985174,0.07572521638605209
8.328328328328329,0.3868083405278588,-0.23728614581884466,0.07481034615095798
8.338338338338339,0.3844159601569474,-0.24070627988824747,0.07388781521169388
8.348348348348349,0.38198950000906323,-0.2440952382352099,0.07295798905858705
8.358358358358359,0.3795292735593794,-0.24745274058673947,0.07202123474425512
8.368368368368369,0.3770355970698994,-0.25077851041059734,0.07107792072892777
8.378378378378379,0.374508789551909,-0.2540722749357743,0.07012841672581804
8.388388388388389,0.3719491727282259,-0.2573337651725456,0.06917309354660582
8.398398398398399,0.36935707099525,-0.26056271593210323,0.06821232294709507
8.408408408408409,0.36673281138482,-0.2637588658457648,0.06724647747310698
8.418418418418419,0.3640767235258795,-0.26692195738375757,0.06627593030666985
8.428428428428429,0.36138913960595714,-0.27005173687357714,0.065301055112567
8.438438438438439,0.35867039433246534,-0.2731479545179191,0.06432222588530309
8.448448448448449,0.3559208248938213,-0.27621036441218344,0.06333981679654911
8.458458458458459,0.3531407709203955,-0.2792387245615497,0.06235420204312562
8.468468468468469,0.3503305744452908,-0.2822327968976236,0.061365755695583724
8.478478478478479,0.34749057986495757,-0.28519234729465276,0.06037485154744223
8.488488488488489,0.3446211338996482,-0.28811714558531165,0.05938186296513963
8.498498498498499,0.3417225855537164,-0.2910069655760545,0.058387162738758505
8.508508508508509,0.3387952860757639,-0.29386158506203613,0.057391122933579355
8.518518518518519,0.33583958891864163,-0.29668078584159974,0.056394114742521095
8.528528528528529,0.33285584969930615,-0.2994643537303303,0.055396508339523545
8.538538538538539,0.32984442615853893,-0.30221207857467436,0.05439867273392792
8.548548548548549,0.32680567812053096,-0.30492375426512497,0.05340097562591004
8.558558558558559,0.32373996745233763,-0.3075991787489713,0.052403783263020316
8.568568568568569,0.3206476580232083,-0.3102381540426126,0.05140746029788418
8.578578578578579,0.3175291156637944,-0.3128404862434362,0.05041236964711566
8.588588588588589,0.31438470812524094,-0.31540598554125876,0.049418872351496466
8.598598598598599,0.31121480503816656,-0.31793446622933186,0.04842732743747201
8.608608608608609,0.30801977787153384,-0.3204257467149098,0.04743809178001453
8.618618618618619,0.30479999989141787,-0.32287964952938075,0.046451519966904165
8.62862862862863,0.30155584611967434,-0.3252960013379604,0.045467964164476356
8.63863863863864,0.2982876932925131,-0.32767463294894894,0.04448777398488418
8.64864864864865,0.29499591981898154,-0.33001537932254954,0.04351129635492349
8.65865865865866,0.29168090573936173,-0.33231807957925075,0.04253887538646721
8.66866866866867,0.28834303268348566,-0.33458257700777067,0.04157085224855484
8.67867867867868,0.2849826838289731,-0.33680871907256377,0.04060756504118223
8.68868868868869,0.2816002438593973,-0.3389963574208912,0.03964934867083601
8.6986986986987,0.27819609892238084,-0.3411453478894534,0.038696534727815556
8.70870870870871,0.27477063658762807,-0.3432555505105862,0.037749451365385184
8.71871871871872,0.271324245804898,-0.34532682951802063,0.036808423180798355
8.72872872872873,0.2678573168619207,-0.3473590533522055,0.0358737710982337
8.73873873873874,0.2643702413422637,-0.3493520946651954,0.034945812253683387
8.74874874874875,0.2608634120831506,-0.35130583032510176,0.03402485988183183
8.75875875875876,0.25733722313323826,-0.3532201414201097,0.03311122320496303
8.76876876876877,0.25379206971035545,-0.3550949132620602,0.03220520732393296
8.77877877877878,0.2502283481592077,-0.3569300353895969,0.03130711311124283
8.78878878878879,0.24664645590905324,-0.3587254015708812,0.03041723710624827
8.7987987987988,0.24304679143135366,-0.36048090980587266,0.029535871412537964
8.80880880880881,0.23942975419740367,-0.3621964623281774,0.02866330359751457
8.81881881881882,0.23579574463594538,-0.3638719656064662,0.02779981659420998
8.82882882882883,0.23214516409076943,-0.36550733034545885,0.026945688605365132
8.83883883883884,0.22847841477830924,-0.367102471486481,0.026101193009804558
8.84884884884885,0.22479589974523143,-0.36865730820758985,0.025266598271134068
8.85885885885886,0.2210980228260272,-0.3701717639232719,0.02444216784878922
8.86886886886887,0.2173851886006093,-0.37164576628371304,0.023628160111461235
8.87887887887888,0.21365780235191756,-0.37307924717364166,0.022824828252925533
8.88888888888889,0.20991627002353894,-0.37447214271074586,0.022032420210297655
8.8988988988989,0.2061609981773452,-0.3758243932436664,0.021251178584739665
8.90890890890891,0.20239239395115283,-0.3771359433495651,0.020481340564639322
8.91891891891892,0.19861086501640943,-0.3784067418312716,0.019723137851283202
8.92892892892893,0.19481681953591082,-0.37963674171400785,0.01897679658704382
8.93893893893894,0.19101066612155287,-0.38082590024169216,0.018242537286099675
8.94894894894895,0.18719281379212283,-0.3819741788728249,0.017520574767706184
8.95895895895896,0.1833636719311332,-0.3830815432759556,0.016811118092034123
8.96896896896897,0.1795236502447041,-0.3841479633247342,0.01611437049859142
8.97897897897898,0.17567315871949613,-0.3851734130925462,0.01543052934724264
8.98898898898899,0.1718126075806999,-0.38615787084673425,0.01475978606183979
8.998998998999,0.167942407250085,-0.3871013190424081,0.0141023260764767
9.00900900900901,0.16406296830411304,-0.38800374431584195,0.0134583287843782
9.01901901901902,0.16017470143211918,-0.3888651374774643,0.01282796748943426
9.02902902902903,0.15627801739456518,-0.3896854935044377,0.012211409360388009
9.03903903903904,0.1523733269813695,-0.39046481153283347,0.011608815387685672
9.04904904904905,0.14846104097031726,-0.3912030948494015,0.01102034034299511
9.05905905905906,0.14454157008555496,-0.3919003508829361,0.010446132741398698
9.06906906906907,0.14061532495617332,-0.39255659119524133,0.00988633480626511
9.07907907907908,0.13668271607488272,-0.3931718314716958,0.009341082436803502
9.08908908908909,0.1327441537567851,-0.3937460915114197,0.008810505178302503
9.0990990990991,0.12880004809824613,-0.39427939521704586,0.008294726195055259
9.10910910910911,0.12485080893587205,-0.394771770584096,0.007793862245970814
9.11911911911912,0.12089684580559444,-0.3952232496899646,0.007308023662870839
9.12912912912913,0.11693856790186748,-0.39563386868251227,0.006837314331469836
9.13913913913914,0.11297638403698118,-0.3960036677682699,0.006381831675035728
9.14914914914915,0.10901070260049482,-0.39633269120025705,0.005941666640726764
9.15915915915916,0.10504193151879408,-0.3966209872654142,0.0055169036885995126
9.16916916916917,0.10107047821477586,-0.396868608271654,0.00510762078328174
9.17917917917918,0.09709674956766486,-0.39707561053453,0.004713889388302913
9.18918918918919,0.09312115187296524,-0.39724205436352866,0.004335774463073929
9.1991991991992,0.08914409080255159,-0.39736800404798395,0.003973334462506781
9.20920920920921,0.08516597136490253,-0.39745352784261756,0.003626621339263699
9.21921921921922,0.08118719786548123,-0.3974986979527083,0.0032956805486244
9.22922922922923,0.07720817386726597,-0.3975035905188906,0.0029805510559589863
9.23923923923924,0.07322930215143476,-0.39746828560158565,0.002681265346793064
9.24924924924925,0.06925098467820787,-0.3973928671650686,0.0023978494394506903
9.25925925925926,0.06527362254785118,-0.3972774230611709,0.0021303229002596733
9.26926926926927,0.06129761596184513,-0.3971220450126246,0.0018786988613029255
9.27927927927928,0.057323364184221466,-0.3969268285960462,0.0016429840406984421
9.28928928928929,0.053351265503072745,-0.39669187322456706,0.00142317876538968
9.2992992992993,0.049381717192237044,-0.3964172821301088,0.0012192769964270399
9.30930930930931,0.04541511547316205,-0.3961031623453094,0.0010312663567203216
9.31931931931932,0.04145185547695178,-0.39574962468510116,0.0008591281612410486
9.32932932932933,0.037492331206599366,-0.3953567837279418,0.0007028374496526724
9.33933933933934,0.03353693549940956,-0.3949247577967042,0.0005623630213457785
9.34934934934935,0.029586059989614128,-0.3944536689392246,0.000437667472854523
9.35935935935936,0.025640095071183734,-0.39394364290851425,0.0003287072376296702
9.36936936936937,0.021699429860839482,-0.3933948091426348,0.0002354326281427461
9.37937937937938,0.0177644521612677,-0.39280730074424214,0.00015778788029498434
9.38938938938939,0.01383554842454103,-0.392181254459801,9.571120010390989e-05
9.3993993993994,0.009913103715749275,-0.3915168106584714,4.9134812639601045e-05
9.40940940940941,0.005997501676843199,-0.39081411331067234,1.7985013181868494e-05
9.41941941941942,0.0020891244906945444,-0.3900733099663242,2.18222056880987e-06
9.42942942942943,-0.0018116471546246158,-0.3892945517327718,1.6410327064297334e-06
9.43943943943944,-0.005704434101339904,-0.3884779932523927,1.6270284208264797e-05
9.44944944944945,-0.009588858757246984,-0.3876237926798933,4.597310613321609e-05
9.45945945945946,-0.013464545130755064,-0.3867321116592936,9.064698778906995e-05
9.46946946946947,-0.01733111886569853,-0.38580311530060796,0.00015018384056848574
9.47947947947948,-0.02118820727591354,-0.3848369721562187,0.00022447006378353772
9.48948948948949,-0.02503543937957671,-0.3838338541969518,0.00031338661246423013
9.4994994994995,-0.028872445933302775,-0.3827939367878535,0.000416809067085746
9.50950950950951,-0.032698859465998265,-0.3817173986636722,0.0005346077051885522
9.51951951951952,-0.03651431431246837,-0.38060442190404925,0.0006666475748548662
9.52952952952953,-0.04031844664677396,-0.3794551919084206,0.0008127885700043793
9.53953953953954,-0.044110894515335924,-0.37826989737063327,0.0009728855074715465
9.54954954954955,-0.0478912978697841,-0.37704873025327984,0.0011467882058261935
9.55955955955956,-0.051659298599547744,-0.3757918857617534,0.0013343415658986179
9.56956956956957,-0.05541454056418511,-0.37449956231802634,0.0015353856529698583
9.57957957957958,-0.059156669625448896,-0.37317196153415727,0.001749755780587254
9.58958958958959,-0.06288533367908546,-0.3718092881855269,0.0019772825959649596
9.5995995995996,-0.06660018268636461,-0.3704117501838098,0.0022177921669285705
9.60960960960961,-0.07030086870533747,-0.36897955854968073,0.0024711060703625485
9.61961961961962,-0.07398704592182008,-0.36751292738526337,0.0027370414821187568
9.62962962962963,-0.07765837068009956,-0.3660120738463207,0.003015411268343874
9.63963963963964,-0.08131450151336105,-0.3644772181141943,0.003306024078183198
9.64964964964965,-0.08495509917383208,-0.3629085833674917,0.003608684437817822
9.65965965965966,-0.08857982666264262,-0.36130639575352935,0.003923192845791906
9.66966966966967,-0.09218834925939802,-0.3596708843595312,0.004249345869586376
9.67967967967968,-0.09578033455146208,-0.3580022811835882,0.004586936243395
9.68968968968969,-0.09935545246294888,-0.3563008211053815,0.004935752967058647
9.6996996996997,-0.10291337528341973,-0.3545667418566729,0.005295581406112994
9.70970970970971,-0.10645377769628407,-0.3528002839915662,0.005666203392904934
9.71971971971972,-0.10997633680690123,-0.3510016908565421,0.0060473973287324895
9.72972972972973,-0.11348073217038131,-0.349171208560271,0.006438938286962907
9.73973973973974,-0.11696664581908271,-0.3473090859432073,0.00684059811708337
9.74974974974975,-0.12043376228980425,-0.3454155745469681,0.0072521455496385384
9.75975975975976,-0.12388176865066965,-0.3434909285834994,0.007673346302009019
9.76976976976977,-0.12731035452770237,-0.34153540490403517,0.008103963184984634
9.77977977977978,-0.13071921213108875,-0.33954926296785065,0.00854375621008629
9.78978978978979,-0.1341080362811272,-0.33753276481081507,0.008992482697590063
9.7997997997998,-0.1374765244338618,-0.33548617501374667,0.0094498973852071
9.80980980980981,-0.14082437670639802,-0.3334097606705731,0.009915752537372749
9.81981981981982,-0.14415129590189885,-0.331303791356303,0.0103897980550984
9.82982982982983,-0.14745698753425937,-0.32916853909480853,0.010871781586339361
9.83983983983984,-0.15074115985245776,-0.32700427832642676,0.011361448636832111
9.84984984984985,-0.15400352386458144,-0.32481128587538055,0.011858542681354353
9.85985985985986,-0.15724379336152583,-0.3225898409170237,0.012362805275361117
9.86986986986987,-0.1604616849403646,-0.3203402249449142,0.012873976166950418
9.87987987987988,-0.16365691802738946,-0.3180627217377186,0.013391793409111837
9.88988988988989,-0.16682921490081773,-0.3157576173259518,0.013915993472211612
9.8998998998999,-0.1699783007131661,-0.31342519995855544,0.014446311356667763
9.90990990990991,-0.17310390351328947,-0.3110657600693193,0.014982480705769114
9.91991991991992,-0.17620575426808235,-0.3086795902431485,0.015524233918591911
9.92992992992993,-0.17928358688384222,-0.30626698518218076,0.0160713022629681
9.93993993993994,-0.18233713822729267,-0.3038282416717579,0.016623415988459418
9.94994994994995,-0.18536614814626565,-0.30136365854625397,0.017180304439291652
9.95995995995996,-0.18837035949004052,-0.2988735366547649,0.01774169616720355
9.96996996996997,-0.19134951812933912,-0.29635817882666377,0.01830731904416514
9.97997997997998,-0.19430337297597558,-0.29381788983702345,0.018876900374920538
9.98998998998999,-0.19723167600215905,-0.29125297637191266,0.01945016700931032
10.0,-0.20013418225944862,-0.28866374699356806,0.0200268454543291
